<?xml version = '1.0' encoding = 'UTF-8'?>
<Entity class="oracle.dbtools.crest.model.design.logical.Entity" directorySegmentName="seg_0" id="5AF152A6-95EE-1FA3-0F73-D06CCB2F9E39" name="Titular">
<createdBy>pedro.dumont</createdBy>
<createdTime>2025-05-19 23:19:29 UTC</createdTime>
<ownerDesignName>ProjDB-Clube</ownerDesignName>
<engineerTo>
<item key="2E05ADE0-7B27-D1AC-B6CB-4792C1F8C3E7" value="true"/>
</engineerTo>
<adequatelyNormalized>NO</adequatelyNormalized>
<expectedVolumes>0</expectedVolumes>
<fwdEngineeringStrategyName>Single Table</fwdEngineeringStrategyName>
<growthPercent>0</growthPercent>
<growthType>Year</growthType>
<maxVolumes>9999999</maxVolumes>
<minVolumes>0</minVolumes>
<normalForm>Third</normalForm>
<attributes itemClass="oracle.dbtools.crest.model.design.logical.Attribute">
<Attribute name="cpfTitular" id="3CDB8DAD-E3F5-2783-DC4A-021B40D15FAC">
<createdBy>pedro.dumont</createdBy>
<createdTime>2025-05-19 23:19:58 UTC</createdTime>
<ownerDesignName>ProjDB-Clube</ownerDesignName>
<engineerTo>
<item key="2E05ADE0-7B27-D1AC-B6CB-4792C1F8C3E7" value="true"/>
</engineerTo>
<useDomainConstraints>false</useDomainConstraints>
<use>1</use>
<logicalDatatype>LOGDT025</logicalDatatype>
<dataTypeSize>11</dataTypeSize>
<ownDataTypeParameters>11,,</ownDataTypeParameters>
</Attribute>
<Attribute name="nomeTitular" id="1C7250E3-12F1-3DC3-3368-1779ADB7C122">
<createdBy>pedro.dumont</createdBy>
<createdTime>2025-05-19 23:20:32 UTC</createdTime>
<ownerDesignName>ProjDB-Clube</ownerDesignName>
<engineerTo>
<item key="2E05ADE0-7B27-D1AC-B6CB-4792C1F8C3E7" value="true"/>
</engineerTo>
<useDomainConstraints>false</useDomainConstraints>
<use>1</use>
<logicalDatatype>LOGDT024</logicalDatatype>
<dataTypeSize>60</dataTypeSize>
<ownDataTypeParameters>60,,</ownDataTypeParameters>
</Attribute>
<Attribute name="nascimentoTitular" id="9D21E969-7A74-4FA1-9A03-4AAE231D1669">
<createdBy>pedro.dumont</createdBy>
<createdTime>2025-05-19 23:21:01 UTC</createdTime>
<ownerDesignName>ProjDB-Clube</ownerDesignName>
<engineerTo>
<item key="2E05ADE0-7B27-D1AC-B6CB-4792C1F8C3E7" value="true"/>
</engineerTo>
<useDomainConstraints>false</useDomainConstraints>
<use>1</use>
<logicalDatatype>LOGDT007</logicalDatatype>
<ownDataTypeParameters>,,</ownDataTypeParameters>
</Attribute>
<Attribute name="valorMensalidade" id="0731B611-21AC-6005-3967-3D64E1F90521">
<createdBy>pedro.dumont</createdBy>
<createdTime>2025-05-19 23:29:32 UTC</createdTime>
<ownerDesignName>ProjDB-Clube</ownerDesignName>
<engineerTo>
<item key="2E05ADE0-7B27-D1AC-B6CB-4792C1F8C3E7" value="true"/>
</engineerTo>
<useDomainConstraints>false</useDomainConstraints>
<use>1</use>
<logicalDatatype>LOGDT043</logicalDatatype>
<ownDataTypeParameters>,,</ownDataTypeParameters>
</Attribute>
<Attribute name="cpf" id="155BDFE1-CD6D-B48A-7595-1D5BAFEB4898">
<createdBy>pedro.dumont</createdBy>
<createdTime>2025-05-19 23:54:14 UTC</createdTime>
<generatorID>573D9AD9-7DA2-C30E-5A1D-D64742E276D5</generatorID>
<ownerDesignName>ProjDB-Clube</ownerDesignName>
<engineerTo>
<item key="2E05ADE0-7B27-D1AC-B6CB-4792C1F8C3E7" value="true"/>
</engineerTo>
<referedAttribute>226B50B5-1E41-BFFF-0D3F-470FFD652B0E</referedAttribute>
<useDomainConstraints>false</useDomainConstraints>
<use>1</use>
<logicalDatatype>LOGDT025</logicalDatatype>
<dataTypeSize>11</dataTypeSize>
<ownDataTypeParameters>,,</ownDataTypeParameters>
</Attribute>
</attributes>
<identifiers itemClass="oracle.dbtools.crest.model.design.logical.CandidateKey">
<identifier id="66FF4670-A208-03ED-8588-F081135362CC" name="Titular PK">
<createdBy>pedro.dumont</createdBy>
<createdTime>2025-05-19 23:20:09 UTC</createdTime>
<ownerDesignName>ProjDB-Clube</ownerDesignName>
<engineerTo>
<item key="2E05ADE0-7B27-D1AC-B6CB-4792C1F8C3E7" value="true"/>
</engineerTo>
<pk>true</pk>
<usedAttributes>
<attributeRef>3CDB8DAD-E3F5-2783-DC4A-021B40D15FAC</attributeRef>
</usedAttributes>
</identifier>
</identifiers>
</Entity>