<?xml version = '1.0' encoding = 'UTF-8'?>
<Entity class="oracle.dbtools.crest.model.design.logical.Entity" directorySegmentName="seg_0" id="77453AAF-E6E6-057B-79E6-487CCEBE29EE" name="Dependente">
<createdBy>pedro.dumont</createdBy>
<createdTime>2025-05-19 23:30:07 UTC</createdTime>
<ownerDesignName>ProjDB-Clube</ownerDesignName>
<engineerTo>
<item key="2E05ADE0-7B27-D1AC-B6CB-4792C1F8C3E7" value="true"/>
</engineerTo>
<adequatelyNormalized>NO</adequatelyNormalized>
<expectedVolumes>0</expectedVolumes>
<fwdEngineeringStrategyName>Single Table</fwdEngineeringStrategyName>
<growthPercent>0</growthPercent>
<growthType>Year</growthType>
<maxVolumes>9999999</maxVolumes>
<minVolumes>0</minVolumes>
<normalForm>Third</normalForm>
<attributes itemClass="oracle.dbtools.crest.model.design.logical.Attribute">
<Attribute name="cpfDependente" id="DB358018-3BF6-CAE9-6464-A19E5C35360A">
<createdBy>pedro.dumont</createdBy>
<createdTime>2025-05-19 23:30:14 UTC</createdTime>
<ownerDesignName>ProjDB-Clube</ownerDesignName>
<engineerTo>
<item key="2E05ADE0-7B27-D1AC-B6CB-4792C1F8C3E7" value="true"/>
</engineerTo>
<useDomainConstraints>false</useDomainConstraints>
<use>1</use>
<logicalDatatype>LOGDT025</logicalDatatype>
<dataTypeSize>11</dataTypeSize>
<ownDataTypeParameters>11,,</ownDataTypeParameters>
</Attribute>
<Attribute name="cpfTitular" id="C5AC6609-8CB4-8A70-62DA-81813CD471A6">
<createdBy>pedro.dumont</createdBy>
<createdTime>2025-05-19 23:43:01 UTC</createdTime>
<ownerDesignName>ProjDB-Clube</ownerDesignName>
<engineerTo>
<item key="2E05ADE0-7B27-D1AC-B6CB-4792C1F8C3E7" value="true"/>
</engineerTo>
<useDomainConstraints>false</useDomainConstraints>
<use>1</use>
<logicalDatatype>LOGDT025</logicalDatatype>
<dataTypeSize>11</dataTypeSize>
<ownDataTypeParameters>11,,</ownDataTypeParameters>
</Attribute>
<Attribute name="nomeDependente" id="31D39B07-C17F-2DD2-BFFF-59DBAD2966C0">
<createdBy>pedro.dumont</createdBy>
<createdTime>2025-05-19 23:30:36 UTC</createdTime>
<ownerDesignName>ProjDB-Clube</ownerDesignName>
<engineerTo>
<item key="2E05ADE0-7B27-D1AC-B6CB-4792C1F8C3E7" value="true"/>
</engineerTo>
<useDomainConstraints>false</useDomainConstraints>
<use>1</use>
<logicalDatatype>LOGDT024</logicalDatatype>
<dataTypeSize>60</dataTypeSize>
<ownDataTypeParameters>60,,</ownDataTypeParameters>
</Attribute>
<Attribute name="grauParentesco" id="3D8954F7-F36B-5FCF-FBCD-18FEBB34E291">
<createdBy>pedro.dumont</createdBy>
<createdTime>2025-05-19 23:31:05 UTC</createdTime>
<ownerDesignName>ProjDB-Clube</ownerDesignName>
<engineerTo>
<item key="2E05ADE0-7B27-D1AC-B6CB-4792C1F8C3E7" value="true"/>
</engineerTo>
<useDomainConstraints>false</useDomainConstraints>
<use>1</use>
<logicalDatatype>LOGDT025</logicalDatatype>
<dataTypeSize>1</dataTypeSize>
<ownDataTypeParameters>1,,</ownDataTypeParameters>
</Attribute>
<Attribute name="nascimentoDependente" id="6633E3DB-BEBE-3B07-A3A7-4F68513CE678">
<createdBy>pedro.dumont</createdBy>
<createdTime>2025-05-19 23:31:56 UTC</createdTime>
<ownerDesignName>ProjDB-Clube</ownerDesignName>
<engineerTo>
<item key="2E05ADE0-7B27-D1AC-B6CB-4792C1F8C3E7" value="true"/>
</engineerTo>
<useDomainConstraints>false</useDomainConstraints>
<use>1</use>
<logicalDatatype>LOGDT007</logicalDatatype>
<ownDataTypeParameters>,,</ownDataTypeParameters>
</Attribute>
<Attribute name="cpfTitular1" id="C3684AC1-0A78-A137-6F65-9C561AF5641E">
<createdBy>pedro.dumont</createdBy>
<createdTime>2025-05-19 23:45:47 UTC</createdTime>
<generatorID>E7B31200-9C59-D138-4959-93F8DC32FAEC</generatorID>
<ownerDesignName>ProjDB-Clube</ownerDesignName>
<engineerTo>
<item key="2E05ADE0-7B27-D1AC-B6CB-4792C1F8C3E7" value="true"/>
</engineerTo>
<referedAttribute>3CDB8DAD-E3F5-2783-DC4A-021B40D15FAC</referedAttribute>
<useDomainConstraints>false</useDomainConstraints>
<use>1</use>
<logicalDatatype>LOGDT025</logicalDatatype>
<dataTypeSize>11</dataTypeSize>
<ownDataTypeParameters>,,</ownDataTypeParameters>
</Attribute>
<Attribute name="cpf" id="CCE272E3-74B2-1D9A-6595-E728DD0D9F7B">
<createdBy>pedro.dumont</createdBy>
<createdTime>2025-05-19 23:54:11 UTC</createdTime>
<generatorID>E71A1ECD-B479-15F4-C8F3-47663214BE0F</generatorID>
<ownerDesignName>ProjDB-Clube</ownerDesignName>
<engineerTo>
<item key="2E05ADE0-7B27-D1AC-B6CB-4792C1F8C3E7" value="true"/>
</engineerTo>
<referedAttribute>226B50B5-1E41-BFFF-0D3F-470FFD652B0E</referedAttribute>
<useDomainConstraints>false</useDomainConstraints>
<use>1</use>
<logicalDatatype>LOGDT025</logicalDatatype>
<dataTypeSize>11</dataTypeSize>
<ownDataTypeParameters>,,</ownDataTypeParameters>
</Attribute>
</attributes>
<identifiers itemClass="oracle.dbtools.crest.model.design.logical.CandidateKey">
<identifier id="E857F1D5-A034-2450-FD7D-4B920D31A613" name="Dependente PK">
<createdBy>pedro.dumont</createdBy>
<createdTime>2025-05-19 23:32:28 UTC</createdTime>
<ownerDesignName>ProjDB-Clube</ownerDesignName>
<engineerTo>
<item key="2E05ADE0-7B27-D1AC-B6CB-4792C1F8C3E7" value="true"/>
</engineerTo>
<pk>true</pk>
<usedAttributes>
<attributeRef>DB358018-3BF6-CAE9-6464-A19E5C35360A</attributeRef>
<attributeRef>C5AC6609-8CB4-8A70-62DA-81813CD471A6</attributeRef>
</usedAttributes>
</identifier>
</identifiers>
</Entity>