<?xml version = '1.0' encoding = 'UTF-8'?>
<relationalModel class="oracle.dbtools.crest.model.design.relational.RelationalDesign" name="Relational_1" id="2E05ADE0-7B27-D1AC-B6CB-4792C1F8C3E7" mainViewID="680DDD33-EA22-B23C-393C-1DD3CB38837A">
<createdBy>pedro.dumont</createdBy>
<createdTime>2025-05-19 23:07:10 UTC</createdTime>
<ownerDesignName>ProjDB-Clube</ownerDesignName>
<shouldBeOpen>false</shouldBeOpen>
<selectedRDBMSSite>32076570-2523-435C-2E92-BF29817DFF70</selectedRDBMSSite>
</relationalModel>