<?xml version = '1.0' encoding = 'UTF-8'?>
<Relation class="oracle.dbtools.crest.model.design.logical.Relation" name="EnderecoTitular" directorySegmentName="seg_0" id="573D9AD9-7DA2-C30E-5A1D-D64742E276D5">
<createdBy>pedro.dumont</createdBy>
<createdTime>2025-05-19 23:46:44 UTC</createdTime>
<ownerDesignName>ProjDB-Clube</ownerDesignName>
<engineerTo>
<item key="2E05ADE0-7B27-D1AC-B6CB-4792C1F8C3E7" value="true"/>
</engineerTo>
<sourcePk>66FF4670-A208-03ED-8588-F081135362CC</sourcePk>
<targetPk>CCF24E4D-FD6E-2CA2-A579-7618C1C56D15</targetPk>
<identifying>false</identifying>
<optionalSource>false</optionalSource>
<optionalTarget>false</optionalTarget>
<sourceCardinality>1</sourceCardinality>
<sourceEntity>5AF152A6-95EE-1FA3-0F73-D06CCB2F9E39</sourceEntity>
<targetCardinalityString>1</targetCardinalityString>
<targetEntity>89475448-37B4-25A8-3B43-3E2B1F605F7A</targetEntity>
<transferable>true</transferable>
<deleteRule>NO ACTION</deleteRule>
</Relation>