<?xml version = '1.0' encoding = 'UTF-8'?>
<Relation class="oracle.dbtools.crest.model.design.logical.Relation" name="TitularTelefone" directorySegmentName="seg_0" id="8000A1DF-7AB7-2AB1-2D20-8D7E802BA4DC">
<createdBy>pedro.dumont</createdBy>
<createdTime>2025-05-19 23:53:29 UTC</createdTime>
<ownerDesignName>ProjDB-Clube</ownerDesignName>
<engineerTo>
<item key="2E05ADE0-7B27-D1AC-B6CB-4792C1F8C3E7" value="true"/>
</engineerTo>
<sourcePk>66FF4670-A208-03ED-8588-F081135362CC</sourcePk>
<identifying>false</identifying>
<optionalSource>false</optionalSource>
<optionalTarget>false</optionalTarget>
<sourceCardinality>1</sourceCardinality>
<sourceEntity>5AF152A6-95EE-1FA3-0F73-D06CCB2F9E39</sourceEntity>
<targetCardinalityString>*</targetCardinalityString>
<targetEntity>7EE153AD-2A8F-72CB-6A6C-4B13E139C5C3</targetEntity>
<transferable>true</transferable>
<deleteRule>NO ACTION</deleteRule>
</Relation>