<?xml version = '1.0' encoding = 'UTF-8'?>
<Diagram class="oracle.dbtools.crest.swingui.logical.DPVLogical" name="Logical" id="87A98882-A0C2-9048-2405-ED21B815D9F9">
<createdBy>pedro.dumont</createdBy>
<modifiedBy>pedro.dumont</modifiedBy>
<createdTime>2025-05-19 23:11:18 UTC</createdTime>
<autoRoute>false</autoRoute>
<boxInbox>true</boxInbox>
<showLegend>false</showLegend>
<showLabels>false</showLabels>
<showRelAttributes>false</showRelAttributes>
<gridEnabled>false</gridEnabled>
<showGrid>false</showGrid>
<diagramColor>-1</diagramColor>
<display>false</display>
<notation>1</notation>
<objectViews>
<OView class="oracle.dbtools.crest.swingui.logical.TVEntity" oid="0B91A12B-1E57-6C50-E1E5-AC2AC9EA12F3" otype="Entity" vid="17B9516F-229A-BC0F-B504-CCD1971EB9CE">
<hideElementsInCurrentOnly>false</hideElementsInCurrentOnly>
<bounds x="302" y="353" width="170" height="74"/>
</OView>
<OView class="oracle.dbtools.crest.swingui.logical.TVEntity" oid="5AF152A6-95EE-1FA3-0F73-D06CCB2F9E39" otype="Entity" vid="4A4D3A07-04C0-B439-63A7-C1BD81630488">
<hideElementsInCurrentOnly>false</hideElementsInCurrentOnly>
<bounds x="298" y="234" width="170" height="84"/>
</OView>
<OView class="oracle.dbtools.crest.swingui.logical.TVEntity" oid="77453AAF-E6E6-057B-79E6-487CCEBE29EE" otype="Entity" vid="5CA29F1D-9956-66A6-2F4B-CAB7DCE6F2E3">
<hideElementsInCurrentOnly>false</hideElementsInCurrentOnly>
<bounds x="307" y="53" width="170" height="95"/>
</OView>
<OView class="oracle.dbtools.crest.swingui.logical.TVEntity" oid="7EE153AD-2A8F-72CB-6A6C-4B13E139C5C3" otype="Entity" vid="BD06CCC0-21C8-F59A-AD28-83AAC1BA1861">
<hideElementsInCurrentOnly>false</hideElementsInCurrentOnly>
<bounds x="72" y="158" width="170" height="72"/>
</OView>
<OView class="oracle.dbtools.crest.swingui.logical.TVEntity" oid="89475448-37B4-25A8-3B43-3E2B1F605F7A" otype="Entity" vid="C963A747-CEE3-7324-95A6-20953BEEB9FA">
<hideElementsInCurrentOnly>false</hideElementsInCurrentOnly>
<bounds x="543" y="139" width="170" height="116"/>
</OView>
<OView class="oracle.dbtools.crest.swingui.logical.TVEntity" oid="DBF04B34-9346-CA33-E455-45D602756C9E" otype="Entity" vid="E692906C-E89E-66B9-107A-D5DBD718D9D1">
<hideElementsInCurrentOnly>false</hideElementsInCurrentOnly>
<bounds x="535" y="344" width="170" height="88"/>
</OView>
</objectViews>
<connectors>
<Connector class="oracle.dbtools.crest.swingui.logical.TVRelation" oid="54EE57E3-A2D9-6785-97FA-0B01488B9345" otype="Relation" vid_source="5CA29F1D-9956-66A6-2F4B-CAB7DCE6F2E3" vid_target="BD06CCC0-21C8-F59A-AD28-83AAC1BA1861">
<hideElementsInCurrentOnly>false</hideElementsInCurrentOnly>
<backgroundColor>-16777216</backgroundColor>
<lineWidth>1</lineWidth>
<points>
<point x="307" y="134"/>
<point x="242" y="160"/>
</points>
</Connector>
<Connector class="oracle.dbtools.crest.swingui.logical.TVRelation" oid="573D9AD9-7DA2-C30E-5A1D-D64742E276D5" otype="Relation" vid_source="4A4D3A07-04C0-B439-63A7-C1BD81630488" vid_target="C963A747-CEE3-7324-95A6-20953BEEB9FA">
<hideElementsInCurrentOnly>false</hideElementsInCurrentOnly>
<backgroundColor>-16777216</backgroundColor>
<lineWidth>1</lineWidth>
<points>
<point x="468" y="244"/>
<point x="543" y="244"/>
</points>
</Connector>
<Connector class="oracle.dbtools.crest.swingui.logical.TVRelation" oid="740C69D0-11F9-55BD-AD2A-F0562EE23BF3" otype="Relation" vid_source="17B9516F-229A-BC0F-B504-CCD1971EB9CE" vid_target="E692906C-E89E-66B9-107A-D5DBD718D9D1">
<hideElementsInCurrentOnly>false</hideElementsInCurrentOnly>
<backgroundColor>-16777216</backgroundColor>
<lineWidth>1</lineWidth>
<points>
<point x="472" y="390"/>
<point x="535" y="390"/>
</points>
</Connector>
<Connector class="oracle.dbtools.crest.swingui.logical.TVRelation" oid="8000A1DF-7AB7-2AB1-2D20-8D7E802BA4DC" otype="Relation" vid_source="4A4D3A07-04C0-B439-63A7-C1BD81630488" vid_target="BD06CCC0-21C8-F59A-AD28-83AAC1BA1861">
<hideElementsInCurrentOnly>false</hideElementsInCurrentOnly>
<backgroundColor>-16777216</backgroundColor>
<lineWidth>1</lineWidth>
<points>
<point x="298" y="245"/>
<point x="242" y="224"/>
</points>
</Connector>
<Connector class="oracle.dbtools.crest.swingui.logical.TVRelation" oid="A13212B8-DB17-2EE7-D5B0-9A7CDED316D2" otype="Relation" vid_source="4A4D3A07-04C0-B439-63A7-C1BD81630488" vid_target="17B9516F-229A-BC0F-B504-CCD1971EB9CE">
<hideElementsInCurrentOnly>false</hideElementsInCurrentOnly>
<backgroundColor>-16777216</backgroundColor>
<lineWidth>1</lineWidth>
<points>
<point x="385" y="318"/>
<point x="385" y="353"/>
</points>
</Connector>
<Connector class="oracle.dbtools.crest.swingui.logical.TVRelation" oid="E71A1ECD-B479-15F4-C8F3-47663214BE0F" otype="Relation" vid_source="5CA29F1D-9956-66A6-2F4B-CAB7DCE6F2E3" vid_target="C963A747-CEE3-7324-95A6-20953BEEB9FA">
<hideElementsInCurrentOnly>false</hideElementsInCurrentOnly>
<backgroundColor>-16777216</backgroundColor>
<lineWidth>1</lineWidth>
<points>
<point x="477" y="143"/>
<point x="543" y="143"/>
</points>
</Connector>
<Connector class="oracle.dbtools.crest.swingui.logical.TVRelation" oid="E7B31200-9C59-D138-4959-93F8DC32FAEC" otype="Relation" vid_source="4A4D3A07-04C0-B439-63A7-C1BD81630488" vid_target="5CA29F1D-9956-66A6-2F4B-CAB7DCE6F2E3">
<hideElementsInCurrentOnly>false</hideElementsInCurrentOnly>
<backgroundColor>-16777216</backgroundColor>
<lineWidth>1</lineWidth>
<points>
<point x="387" y="234"/>
<point x="387" y="148"/>
</points>
</Connector>
</connectors>
</Diagram>